NumThreads;T_Avg;TotalMops
1;27.8666666666667;35.8851674641148
2;157.066666666667;6.36672325976231
4;358.333333333333;2.7906976744186
8;532.566666666667;1.87769919258935
16;688.566666666667;1.45229220119088
24;772.033333333333;1.29528086006649
32;832.1;1.20177863237592
48;899.3;1.1119759813188
64;947.733333333333;1.05514912774339
