NumThreads;T_Avg;TotalMops
1;28.5666666666667;35.0058343057176
2;159.166666666667;6.28272251308901
4;369.466666666667;2.70660411403825
8;532.066666666667;1.87946372635008
16;720.766666666667;1.38741155251353
24;820.366666666667;1.21896712851977
32;934.133333333333;1.0705109905795
48;1047.36666666667;0.954775468635626
64;1108.83333333333;0.90184879001954
