NumThreads;T_Avg;TotalMops
1;114.733333333333;8.71586287042417
2;391.3;2.55558395093279
4;980.533333333333;1.01985314114767
8;1122.96666666667;0.890498382261272
16;1271;0.786782061369001
24;1545.2;0.647165415480197
32;1738.8;0.575109270761445
48;1955.86666666667;0.511282295998364
64;2139.96666666667;0.467296998395614

