NumThreads;T_Avg;TotalMops
1;53.0666666666667;18.8442211055276
2;248.733333333333;4.02036987402841
4;765.066666666667;1.30707563611014
8;1164.7;0.858590194899974
16;1310.1;0.763300511411343
24;1405.46666666667;0.71150744711128
32;1516.66666666667;0.659340659340659
48;1594.36666666667;0.62720829587506
64;1613.3;0.619847517510692
