NumThreads;T_Avg;TotalMops
1;22.1666666666667;45.1127819548872
2;53.7333333333333;18.6104218362283
4;101.033333333333;9.89772352358957
8;80.2;12.4688279301746
16;80.1666666666667;12.4740124740125
24;86.4;11.5740740740741
32;87.6;11.4155251141553
48;89.7;11.1482720178372
64;89.1333333333333;11.2191473448018
