NumThreads;T_Avg;TotalMops
1;54.2333333333333;18.4388444990781
2;119.366666666667;8.37754817090198
4;156.966666666667;6.37077935867488
8;158.5;6.30914826498423
16;160.666666666667;6.22406639004149
24;173.1;5.77700751010976
32;182.466666666667;5.48045305078553
48;189.333333333333;5.28169014084507
64;189.5;5.27704485488127
