NumThreads;T_Avg;TotalMops
1;10.2;98.0392156862745
2;5.46666666666667;182.926829268293
4;3.13333333333333;319.148936170213
8;2.56666666666667;389.61038961039
16;3.23333333333333;309.278350515464
24;4.26666666666667;234.375
32;5;200
48;6.56666666666667;152.284263959391
64;7.66666666666667;130.434782608696
