NumThreads;T_Avg;TotalMops
1;41;24.390243902439
2;173.6;5.76036866359447
4;243.866666666667;4.10060142154183
8;338.266666666667;2.95624753646039
16;450.333333333333;2.22057735011103
24;517.4;1.93274062620796
32;557.6;1.79340028694405
48;636.933333333333;1.5700230270044
64;630.966666666667;1.58486977653336
