NumThreads;T_Avg;TotalMops
1;40.7333333333333;24.5499181669394
2;180.4;5.54323725055432
4;269.8;3.70644922164566
8;283.9;3.52236703064459
16;322.333333333333;3.1023784901758
24;383.7;2.60620276257493
32;417.5;2.39520958083832
48;439.7;2.27427791676143
64;441.266666666667;2.26620335398096
