NumThreads;T_Avg;TotalMops
1;222.733333333333;4.48967375037414
2;372.233333333333;2.68648697053819
4;870.166666666667;1.14920513311626
8;1074.33333333333;0.930809804529941
16;1264.5;0.790826413602214
24;1521.83333333333;0.657102179388895
32;1716.56666666667;0.58255820727421
48;1935.23333333333;0.516733554954614
64;2140.13333333333;0.467260606815775
