NumThreads;T_Avg;TotalMops
1;88.4333333333333;11.3079532604599
2;245.366666666667;4.07553321559571
4;314.466666666667;3.17998728005088
8;234.3;4.26803243704652
16;208.333333333333;4.8
24;181.8;5.5005500550055
32;168.966666666667;5.9183270862103
48;154.3;6.48088139987038
64;153.4;6.51890482398957
